<?xml version="1.0" encoding="ISO-8859-1"?>
<assembly>
    <!-- @version $Revision: 2409 $ ($Author: skarzhevskyy $) $Date: 2008-10-09 11:38:59 -0400 (Thu, 09 Oct 2008) $ -->
    <id>sources</id>
    <formats>
        <format>tar.gz</format>
    </formats>
    <includeBaseDirectory>false</includeBaseDirectory>
    <fileSets>
        <fileSet>
            <directory>${basedir}/</directory>
            <outputDirectory>${artifactId}-${version}</outputDirectory>
            <useDefaultExcludes>true</useDefaultExcludes>
            <excludes>
                <exclude>target/**</exclude>
                <exclude>build/**</exclude>
                <exclude>src/main/resources/**</exclude>
                <exclude>src/main/c/com_*.h</exclude>
                <exclude>.settings/**</exclude>
                <exclude>**/Thumbs.db</exclude>
                <exclude>**/*.log</exclude>
                <exclude>**/.*</exclude>
            </excludes>
        </fileSet>
    </fileSets>
</assembly>